https://images.blz-contentstack.com/v3/assets/blt321317473c90505c/blt5c08926860cbf364/6019c622e7da1f0b98b501ec/Hunters_Kyo.png,Kyo,Chengdu Hunters,Uncommon,OWL 2021
https://images.blz-contentstack.com/v3/assets/blt321317473c90505c/blt6fc8a3f3efa7174f/6019b8373689c30bf1492532/Eternal_HyP.png,HyP,Paris Eternal,Uncommon,OWL 2021
https://images.blz-contentstack.com/v3/assets/blt321317473c90505c/bltd2b357ee3bf199a4/5e45efa77ffde40916a35a81/Fusion_Ivy.png,ivy,New York Excelsior,Common,OWL 2021
https://images.blz-contentstack.com/v3/assets/blt321317473c90505c/bltea8f435dc97784d8/5e45f1b9f9482b17fbc75e7a/LAGladiators_Paintbrush.png,Paintbrush,Los Angeles Gladiators,Uncommon,OWL 2021
https://images.blz-contentstack.com/v3/assets/blt321317473c90505c/blta42fef214037c338/6019b5e1cd127e0c125f6056/Defiant_Stellar.png,Stellar,Toronto Defiant,Common,OWL 2021
https://images.blz-contentstack.com/v3/assets/blt321317473c90505c/blt186c8384c9e119ba/5f07b55d5d2ae808119fb316/Uprising_Punk.png,punk,Boston Uprising,Rare,OWL 2021
https://images.blz-contentstack.com/v3/assets/blt321317473c90505c/blt7c0f406289817ec4/6019dc951eee240b8da78948/FLA_TVIQ.png,TviQ,Florida Mayhem,Common,OWL 2021
https://www.winstonslab.com/pics/players/fctfctn_OWL 2021.png,FCTFCTN,Houston Outlaws,Rare,OWL 2021
https://images.blz-contentstack.com/v3/assets/blt321317473c90505c/blt4c092c169b049523/5e46f691f9482b17fbc75eec/Outlaws_Rawkus.png,Rawkus,Houston Outlaws,Uncommon,OWL 2021
https://images.blz-contentstack.com/v3/assets/blt321317473c90505c/blt68d1a7d55af69640/5e47191bf9482b17fbc75f7a/Justice_Ellivote.png,ELLIVOTE,Paris Eternal,Rare,OWL 2021
https://images.blz-contentstack.com/v3/assets/blt321317473c90505c/bltfb215c785caf8d4c/5e9a2e42297b4d1b5ff03edd/Hunters_Ameng.png,ameng,Chengdu Hunters,Rare,OWL 2021
https://images.blz-contentstack.com/v3/assets/blt321317473c90505c/blt4b266145373bee7f/5e4725d6a173e408b75c0045/Fuel_Unkoe.png,uNKOE,Dallas Fuel,Uncommon,OWL 2021
https://images.blz-contentstack.com/v3/assets/blt321317473c90505c/blt8d48597bc94a1bc8/5e45f35a3acdc70bd3d46dcb/Mayhem_Fate.png,Fate,Shanghai Dragons,Rare,OWL 2021
https://images.blz-contentstack.com/v3/assets/blt321317473c90505c/bltfc13003866b97f85/5e47462aa173e408b75c00fd/Valiant_Gig.png,GiG,Los Angeles Valiant,Rare,OWL 2021
https://images.blz-contentstack.com/v3/assets/blt321317473c90505c/bltaff95d5566288a79/5e45f1b91a3b6617fcdccc8f/LAGladiators_Jaru.png,Jaru,Los Angeles Gladiators,Common,OWL 2021
https://images.blz-contentstack.com/v3/assets/blt321317473c90505c/blt0e901def575e3463/5f35ea954eebe153cbb0955e/Justice_Decay.png,Decay,Washington Justice,Common,OWL 2021
https://images.blz-contentstack.com/v3/assets/blt321317473c90505c/blt51d00e8b18daa23f/6019dd0de7da1f0b98b5023c/SHD_Roshan.png,Roshan,Shanghai Dragons,Rare,OWL 2021
https://images.blz-contentstack.com/v3/assets/blt321317473c90505c/blt45325940cdf7031b/5e47191baf702f08b6a32a4b/Justice_Ark.png,ArK,Washington Justice,Uncommon,OWL 2021
https://images.blz-contentstack.com/v3/assets/blt321317473c90505c/blta62c1a023d7a9684/6019dc02e7da1f0b98b50228/NYE_Ark.png,ArK,NYXL,Uncommon,OWL 2021
https://liquipedia.net/commons/images/9/9a/Bostonrck.png,rCk,Boston Uprising,Rare,OWL 2021
https://images.blz-contentstack.com/v3/assets/blt321317473c90505c/blt839cd16f87d86021/5e46fb1ccc8de70b69efa903/Reign_PokPo.png,Pokpo,Atlanta Reign,Rare,OWL 2021
https://images.blz-contentstack.com/v3/assets/blt321317473c90505c/blt62e1fed5a3b28c9b/6019b7c799cd810ba3e71f3e/Fusion_Fragi.png,fragi,Philadelphia Fusion,Rare,OWL 2021
https://images.blz-contentstack.com/v3/assets/blt321317473c90505c/bltf556ea694b921062/5eed0dbd5d2ae808119fa5be/Spark_Architect.png,Architect,Hangzhou Spark,Common,OWL 2021
https://images.blz-contentstack.com/v3/assets/blt321317473c90505c/bltb6cb2e87f4e03c10/6019b8801eee240b8da788ce/Excelsior_Pine.png,Pine,NYXL,Common,OWL 2021
https://images.blz-contentstack.com/v3/assets/blt321317473c90505c/blt3fa0fd9c8e88de15/6019d0bf99cd810ba3e71f90/PHI_Dayfly.png,DayFly,Philadelphia Fusion,Uncommon,OWL 2021
https://images.blz-contentstack.com/v3/assets/blt321317473c90505c/blt6a5cd811f5e8dcfc/5e45f458af702f08b6a3296d/Eternal_Hanbin.png,Hanbin,Dallas Fuel,Rare,OWL 2021
https://liquipedia.net/commons/images/1/15/Uprising_Mouffin.png,Mouffin,Boston Uprising,Rare,OWL 2021
https://images.blz-contentstack.com/v3/assets/blt321317473c90505c/blt144379751c542cd4/5f163a38d494e612aff466b2/Dragons_Geguri.png,Geguri,Shanghai Dragons,Rare,OWL 2021
https://images.blz-contentstack.com/v3/assets/blt321317473c90505c/bltd4cbdf1e00b61b60/5e46d849fbf2330bd4d0467e/Uprising_Brussen.png,brussen,Boston Uprising,Rare,OWL 2021
https://liquipedia.net/commons/images/f/f7/OWL 2021_2018_Shanghai_Dragons_Daemin.png,Daemin,Shanghai Dragons,Common,OWL 2021
https://images.blz-contentstack.com/v3/assets/blt321317473c90505c/bltdc4313dde6feb801/6019dd133689c30bf14925b2/SHD_MG.png,MG,Shanghai Dragons,Rare,OWL 2021
https://images.blz-contentstack.com/v3/assets/blt321317473c90505c/blt475bb2b65e5daca4/5e45f35a210300185a9c9e4e/Mayhem_Byrem.png,byrem,Florida Mayhem,Uncommon,OWL 2021
https://bnetcmsus-a.akamaihd.net/cms/page_media/hf/HFUC3KHS4Q5J1562696168117.png,Gods,Toronto Defiant,Rare,OWL 2021
https://images.blz-contentstack.com/v3/assets/blt321317473c90505c/blta109bf9ee1f11a54/5e9a2e428902221b5e1deb7f/Hunters_LateYoung.png,lateyoung,Chengdu Hunters,Rare,OWL 2021
https://liquipedia.net/commons/images/0/0a/OWL 2021_2018_Dallas_cocco.png,cocco,Dallas Fuel,Rare,OWL 2021
https://images.blz-contentstack.com/v3/assets/blt321317473c90505c/blt20de278896d70483/5f161db45d2ae808119fb5d2/Dynasty_Profit.png,Profit,Seoul Dynasty,Common,OWL 2021
https://bnetcmsus-a.akamaihd.net/cms/page_media/S02042JXNHF81515718127993.png,GuardiaN,Shanghai Dragons,Rare,OWL 2021
https://liquipedia.net/commons/images/6/61/Defiant_Numlocked.png,numlocked,Toronto Defiant,Rare,OWL 2021
https://images.blz-contentstack.com/v3/assets/blt321317473c90505c/bltbe1b7fd980bd68a5/6019b47fcd127e0c125f604c/Justice_Sansam.png,Sansam,Washington Justice,Rare,OWL 2021
https://bnetcmsus-a.akamaihd.net/cms/gallery/QNQD02M7J3I81549576800289.png,Yakpung,New York Excelsior,Rare,OWL 2021
https://images.blz-contentstack.com/v3/assets/blt321317473c90505c/blt638afdeeaec484d3/6019b880912a490c07af54d6/Excelsior_Flow3r.png,Fl0w3r,NYXL,Common,OWL 2021
https://images.blz-contentstack.com/v3/assets/blt321317473c90505c/blt9de7ef2880feef78/5e45efa7cc8de70b69efa859/Fusion_BoomBox.png,Boombox,Philadelphia Fusion,Uncommon,OWL 2021
https://images.blz-contentstack.com/v3/assets/blt321317473c90505c/blt601ed73c311491e4/5f161df7b7f22712a4d5177c/Dynasty_Creative.png,Creative,Seoul Dynasty,Uncommon,OWL 2021
https://images.blz-contentstack.com/v3/assets/blt321317473c90505c/blte5531347b4ca4739/5e4725d63acdc70bd3d46ebb/Fuel_HarryHook.png,HarryHook,Dallas Fuel,Uncommon,OWL 2021
https://images.blz-contentstack.com/v3/assets/blt321317473c90505c/blt5630a44a03ff232a/5ee2bc71159cab0c8cfc4647/Titans_Shockwave.png,sHockWave,Philadelphia Fusion,Common,OWL 2021
https://images.blz-contentstack.com/v3/assets/blt321317473c90505c/blt53d01b47da92e752/5e9a2e53b6788f72b89eaa0b/Hunters_Lengsa.png,Lengsa,Chengdu Hunters,Uncommon,OWL 2021
https://images.blz-contentstack.com/v3/assets/blt321317473c90505c/blt4be1666165f02883/5f1638f1670b730798f13aa1/Dragons_DDing.png,DDing,Shanghai Dragons,Common,OWL 2021
https://images.blz-contentstack.com/v3/assets/blt321317473c90505c/blt4be1666165f02883/5f1638f1670b730798f13aa1/Dragons_DDing.png,Dding,Shanghai Dragons,Common,OWL 2021
https://images.blz-contentstack.com/v3/assets/blt321317473c90505c/blt4ebf6191d324c99f/6019c62214a90a0bfc552b98/Hunters_YangXiaoLong.png,YangXiaoLong,Chengdu Hunters,Common,OWL 2021
https://images.blz-contentstack.com/v3/assets/blt321317473c90505c/bltbea8268dfca14a80/5e45fc1b1a3b6617fcdcccad/NYXL_WhoRU.png,WhoRu,NYXL,Epic,OWL 2021
https://images.blz-contentstack.com/v3/assets/blt321317473c90505c/blte2ed561b6d2622c2/5e46fb0b1a3b6617fcdccd31/Reign_Erster.png,Erster,Shanghai Dragons,Common,OWL 2021
https://images.blz-contentstack.com/v3/assets/blt321317473c90505c/blte9169d61c5cba776/5e46fb0b014cca0b68178dba/Reign_Dogman.png,Dogman,Atlanta Reign,Uncommon,OWL 2021
https://images.blz-contentstack.com/v3/assets/blt321317473c90505c/bltcfcf74524e79440d/5f161d851e20a2081d95cabc/Dynasty_Michelle.png,Michelle,Toronto Defiant,Rare,OWL 2021
https://images.blz-contentstack.com/v3/assets/blt321317473c90505c/bltdd825ef3a7ecae7d/5f163a575d2ae808119fb5de/Dragons_Fleta.png,Fleta,Shanghai Dragons,Common,OWL 2021
https://images.blz-contentstack.com/v3/assets/blt321317473c90505c/bltb43ad2f78dddef0e/5e4725d6cc8de70b69efa989/Fuel_Zachareee.png,ZachaREEE,Dallas Fuel,Common,OWL 2021
https://images.blz-contentstack.com/v3/assets/blt321317473c90505c/blt629f327ba983a91c/6019c4cb1eee240b8da788e0/Outlaws_Jake.png,Jake,Houston Outlaws,Common,OWL 2021
https://images.blz-contentstack.com/v3/assets/blt321317473c90505c/blt3ea2ea8b7212e658/6018aaf8cd127e0c125f6028/Generic_Player_Icon.png,alemao,Boston Uprising,Uncommon,OWL 2021
https://images.blz-contentstack.com/v3/assets/blt321317473c90505c/blt5c17b2f4b1d7160f/5e45ee0d1a3b6617fcdccc7f/Defiant_Logix.png,Logix,Toronto Defiant,Common,OWL 2021
https://images.blz-contentstack.com/v3/assets/blt321317473c90505c/blt4b48ad0defad45ae/6019c5491eee240b8da788ec/Charge_Rise.png,Rise,Guangzhou Charge,Uncommon,OWL 2021
https://images.blz-contentstack.com/v3/assets/blt321317473c90505c/blt1341f0a5de672dff/6019b6481eee240b8da788b6/Dragons_YoungJin.png,YOUNGJIN,Shanghai Dragons,Common,OWL 2021
https://images.blz-contentstack.com/v3/assets/blt321317473c90505c/blt3414fbdb5d6f6415/5e46fb0b80c3d41861a0f9ef/Reign_Fire.png,Fire,Vancouver Titans,Uncommon,OWL 2021
https://images.blz-contentstack.com/v3/assets/blt321317473c90505c/bltc2bc715f5826e136/5e47191b014cca0b68178e4c/Justice_Stratus.png,Stratus,Washington Justice,Common,OWL 2021
https://images.blz-contentstack.com/v3/assets/blt321317473c90505c/bltb78908dcab08243e/6019c54899cd810ba3e71f62/Charge_Kyb.png,Kyb,Guangzhou Charge,Common,OWL 2021
https://bnetcmsus-a.akamaihd.net/cms/page_media/S02042JXNHF81515718127993.png,kevster,Los Angeles Gladiators,Common,OWL 2021
https://images.blz-contentstack.com/v3/assets/blt321317473c90505c/blta8349db00ddd0cf2/5e45f35af9482b17fbc75e80/Mayhem_Gangnamjin.png,GangNamJin,Florida Mayhem,Uncommon,OWL 2021
https://bnetcmsus-a.akamaihd.net/cms/page_media/S02042JXNHF81515718127993.png,mikeyy,Boston Uprising,Rare,OWL 2021
https://images.blz-contentstack.com/v3/assets/blt321317473c90505c/blt0e788b74a3a22b65/5f15f5b74bcd381222c44164/Spark_Godsb.png,GodsB,Hangzhou Spark,Common,OWL 2021
https://images.blz-contentstack.com/v3/assets/blt321317473c90505c/blt3ea2ea8b7212e658/6018aaf8cd127e0c125f6028/Generic_Player_Icon.png,Gamsu,Boston Uprising,Rare,OWL 2021
https://images.blz-contentstack.com/v3/assets/blt321317473c90505c/blt6b1dc0f8b5d0162c/5f35d024bb238f55563772b9/Hunters_Molly.png,Molly,Shanghai Dragons,Uncommon,OWL 2021
https://images.blz-contentstack.com/v3/assets/blt321317473c90505c/blte04610c0368866f1/5eb6fd2f32ed620ebc98db23/Titans_Roolf.png,Roolf,Vancouver Titans,Uncommon,OWL 2021
https://images.blz-contentstack.com/v3/assets/blt321317473c90505c/blt1135e0009d609f72/6019d10499cd810ba3e71f98/BOS_Note.png,NotE,Boston Uprising,Rare,OWL 2021
https://images.blz-contentstack.com/v3/assets/blt321317473c90505c/blt820db06c08305deb/6019dc95e7da1f0b98b50234/FLA_Cwoosh.png,CWoosH,Florida Mayhem,Rare,OWL 2021
https://images.blz-contentstack.com/v3/assets/blt321317473c90505c/bltcff1839ce65b007b/5e9a2e538dc1e51c5316a651/Hunters_Yveltal.png,Yveltal,Chengdu Hunters,Uncommon,OWL 2021
https://images.blz-contentstack.com/v3/assets/blt321317473c90505c/blt111446ff8f79b637/5f161e2f4bcd381222c4417a/Dynasty_Bdosin.png,Bdosin,Seoul Dynasty,Uncommon,OWL 2021
https://images.blz-contentstack.com/v3/assets/blt321317473c90505c/bltc2b3f623450b147d/6019c489912a490c07af54e6/Spitfire_Bdosin.png,Bdosin,London Spitfire,Uncommon,OWL 2021
https://images.blz-contentstack.com/v3/assets/blt321317473c90505c/blte8289eeb8658a767/5e4725cc7ffde40916a35b75/Fuel_Closer.png,Closer,Washington Justice,Uncommon,OWL 2021
https://images.blz-contentstack.com/v3/assets/blt321317473c90505c/blt3b4dc0d9f5e0d2c8/601c7004912a490c07af5624/Charge_Jihun.png,Jihun,Guangzhou Charge,Rare,OWL 2021
https://images.blz-contentstack.com/v3/assets/blt321317473c90505c/blt6f537555f5208736/6019d10414a90a0bfc552bc2/BOS_Dreamkazper.png,DreamKazper,Boston Uprising,Common,OWL 2021
https://cdn.pandascore.co/images/player/image/14369/gambler_OWL 2021.png,Gambler,Seoul Dynasty,Uncommon,OWL 2021
https://images.blz-contentstack.com/v3/assets/blt321317473c90505c/blt505e6fc4da3be432/6019dc95cd127e0c125f60f8/FLA_Zebbosai.png,Zebbosai,Florida Mayhem,Uncommon,OWL 2021
https://images.blz-contentstack.com/v3/assets/blt321317473c90505c/blt1219f560adf0fa49/5e46d849f9482b17fbc75ec4/Uprising_Munchkin.png,Munchkin,Boston Uprising,Common,OWL 2021
https://images.blz-contentstack.com/v3/assets/blt321317473c90505c/bltfd01e4b84c5912be/6019b6e3e7da1f0b98b501ac/Dynasty_Munchkin.png,Munchkin,Seoul Dynasty,Common,OWL 2021
https://owcdn.net/img/5bd4ee3b05ebe.jpg,Numlocked,Los Angeles Valiant,Rare,OWL 2021
https://liquipedia.net/commons/images/4/4a/ATL_-_Saucy013.jpg,Saucy,Atlanta Reign,Common,OWL 2021
https://images.blz-contentstack.com/v3/assets/blt321317473c90505c/blt102f9ba97c90429e/5e45f0edcc8de70b69efa85f/Shock_Choihyobin.png,Choihyobin,San Francisco Shock,Rare,OWL 2021
https://images.blz-contentstack.com/v3/assets/blt321317473c90505c/bltd99e6aab29ab5237/6019b6e314a90a0bfc552b4e/Dynasty_Ryujehong.png,ryujehong,Seoul Dynasty,Uncommon,OWL 2021
https://bnetcmsus-a.akamaihd.net/cms/page_media/S02042JXNHF81515718127993.png,DPI,Florida Mayhem,Rare,OWL 2021
https://images.blz-contentstack.com/v3/assets/blt321317473c90505c/blt93121804e8ce7b84/5ec71cd280e1cd5cdc708a6f/Titans_Shredlock.png,ShRedLock,Vancouver Titans,Rare,OWL 2021
https://images.blz-contentstack.com/v3/assets/blt321317473c90505c/blt0fe0f9def5ceb51a/5e4725cca173e408b75c003f/Fuel_Crimzo.png,Crimzo,Houston Outlaws,Uncommon,OWL 2021
https://images.blz-contentstack.com/v3/assets/blt321317473c90505c/bltd6f03bcb013e2b60/5f15efd4d494e612aff46690/Charge_Happy.png,Happy,Houston Outlaws,Common,OWL 2021
https://images.blz-contentstack.com/v3/assets/blt321317473c90505c/bltccd0ce2807e3a0d6/5e45f1b9fbf2330bd4d0462a/LAGladiators_OGE.png,OGE,Florida Mayhem,Rare,OWL 2021
https://images.blz-contentstack.com/v3/assets/blt321317473c90505c/blt1121e77d9d4b0f35/5f161d6a5d2ae808119fb5d0/Dynasty_Marve1.png,Marve1,Seoul Dynasty,Rare,OWL 2021
https://images.blz-contentstack.com/v3/assets/blt321317473c90505c/bltdecb606610760a01/6019b48014a90a0bfc552b3a/Justice_Hyeonu.png,Hyeonu,Washington Justice,Uncommon,OWL 2021
https://images.blz-contentstack.com/v3/assets/blt321317473c90505c/blt31c49c0ab2f1ec8e/6019c489912a490c07af54ea/Spitfire_Guard.png,Guard,London Spitfire,Common,OWL 2021
https://images.blz-contentstack.com/v3/assets/blt321317473c90505c/blt3e8e0cd9ca5fee36/5e45f1b9a173e408b75bff5b/LAGladiators_Bischu.png,Bischu,Los Angeles Gladiators,Rare,OWL 2021
https://bnetcmsus-a.akamaihd.net/cms/gallery/HHJHEGNJYE7X1555459293082.png,im37,Boston Uprising,Common,OWL 2021
https://images.blz-contentstack.com/v3/assets/blt321317473c90505c/bltaa3cf3340eb24d4d/5eb6fd2f8238c3767248953f/Titans_Dalton.png,Dalton,Vancouver Titans,Common,OWL 2021
https://images.blz-contentstack.com/v3/assets/blt321317473c90505c/blt6e7a0a0a4baa1a06/5e46fb1c210300185a9c9eac/Reign_Gator.png,Gator,Atlanta Reign,Rare,OWL 2021
https://images.blz-contentstack.com/v3/assets/blt321317473c90505c/blt166311f633350c08/5e45f467a173e408b75bff67/Eternal_Soon.png,SoOn,Boston Uprising,Common,OWL 2021
https://images.blz-contentstack.com/v3/assets/blt321317473c90505c/blt5540fa6c9076b23b/5e46d8497ffde40916a35ab9/Uprising_Colourhex.png,ColourHex,Boston Uprising,Common,OWL 2021
https://images.blz-contentstack.com/v3/assets/blt321317473c90505c/bltd7f7ba80668316a1/6019dbd31eee240b8da78940/VAL_Bunny.png,Bunny,Los Angeles Valiant,Common,OWL 2021
https://images.blz-contentstack.com/v3/assets/blt321317473c90505c/blt12c30d3766387fb9/6019cfa33689c30bf149257c/SEO_Bunny.png,Bunny,Seoul Dynasty,Epic,OWL 2021
https://images.blz-contentstack.com/v3/assets/blt321317473c90505c/blt45a853f43c7e78f5/5ec71cd2f3e7af08418e5737/Titans_CarCar.png,Carcar,Vancouver Titans,Epic,OWL 2021
https://images.blz-contentstack.com/v3/assets/blt321317473c90505c/blt2d2cfe61fb1af143/5ee2bc2660c20b0c976f9a87/Justice_JJANU.png,JJANU,Washington Justice,Epic,OWL 2021
https://images.blz-contentstack.com/v3/assets/blt321317473c90505c/blt71bd657ad643b53b/6019b5291eee240b8da788ae/Titans_Jjanu.png,JJANU,Vancouver Titans,Epic,OWL 2021
https://images.blz-contentstack.com/v3/assets/blt321317473c90505c/bltc31a42b766403484/5e473fc180c3d41861a0fadf/Spitfire_Clestyn.png,Clestyn,London Spitfire,Epic,OWL 2021
https://images.blz-contentstack.com/v3/assets/blt321317473c90505c/bltc81bb9c04aa73a15/5e474db5cc8de70b69efaa35/Valiant_Dreamer.png,DREAMER,Los Angeles Valiant,Epic,OWL 2021
https://images.blz-contentstack.com/v3/assets/blt321317473c90505c/blta58f457e62ec6dab/5f15ef9f4afc510797a4f262/Charge_Chara.png,Chara,Guangzhou Charge,Epic,OWL 2021
https://images.blz-contentstack.com/v3/assets/blt321317473c90505c/blta3d0cf14515c86cb/6019dcc999cd810ba3e71fba/GLA_Surefour.png,Surefour,Los Angeles Gladiators,Epic,OWL 2021
https://images.blz-contentstack.com/v3/assets/blt321317473c90505c/blt372270065a745b43/5e47462a3acdc70bd3d46f49/Valiant_Shax.png,Shax,London Spitfire,Epic,OWL 2021
https://bnetcmsus-a.akamaihd.net/cms/page_media/S02042JXNHF81515718127993.png,TiZi,Vancouver Titans,Epic,OWL 2021
https://images.blz-contentstack.com/v3/assets/blt321317473c90505c/bltf09043af54a690fa/6019c57f14a90a0bfc552b90/Mayhem_Snt.png,SNT,Florida Mayhem,Epic,OWL 2021
https://images.blz-contentstack.com/v3/assets/blt321317473c90505c/blt0544d5ed208a3d30/5e45fc1b302051091c6cf56c/NYXL_Bianca.png,BiaNcA,New York Excelsior,Epic,OWL 2021
https://images.blz-contentstack.com/v3/assets/blt321317473c90505c/bltb63a5596d0d2081e/5e46f681f9482b17fbc75ee6/Outlaws_Hydration.png,Hydration,Houston Outlaws,Epic,OWL 2021
https://images.blz-contentstack.com/v3/assets/blt321317473c90505c/blta1cf0fe7f070bf9c/5e46fb1cf9482b17fbc75f1a/Reign_Sharp.png,SharP,Atlanta Reign,Epic,OWL 2021
https://images.blz-contentstack.com/v3/assets/blt321317473c90505c/blta1cf0fe7f070bf9c/5e46fb1cf9482b17fbc75f1a/Reign_Sharp.png,SharP,Atlanta Reign,Epic,OWL 2021
https://images.blz-contentstack.com/v3/assets/blt321317473c90505c/blt0af85e7348e1fbc6/5f161e0e670b730798f13a9f/Dynasty_Gesture.png,Gesture,Seoul Dynasty,Epic,OWL 2021
https://images.blz-contentstack.com/v3/assets/blt321317473c90505c/blt1c26072c83609277/5e45fc1b7ffde40916a35aa9/NYXL_Hotba.png,HOTBA,NYXL,Rare,OWL 2021
https://images.blz-contentstack.com/v3/assets/blt321317473c90505c/blt1c26072c83609277/5e45fc1b7ffde40916a35aa9/NYXL_Hotba.png,HOTBA,Guangzhou Charge,Rare,OWL 2021
https://images.blz-contentstack.com/v3/assets/blt321317473c90505c/blt1dc5b79616c53b97/5e473fd1302051091c6cf6b8/Spitfire_Sanguinar.png,SanGuiNar,London Spitfire,Uncommon,OWL 2021
https://images.blz-contentstack.com/v3/assets/blt321317473c90505c/blt30868a6f0d570946/5e46fb1c1a3b6617fcdccd37/Reign_Kodak.png,Kodak,Atlanta Reign,Uncommon,OWL 2021
https://images.blz-contentstack.com/v3/assets/blt321317473c90505c/blt62233d8da7818be9/6019cf5bcd127e0c125f60ba/HOU_Clockwork.png,Clockwork,Houston Outlaws,Common,OWL 2021
https://images.blz-contentstack.com/v3/assets/blt321317473c90505c/blt3929b5ae9b1c365d/5e45efa7302051091c6cf542/Fusion_Hessu.png,Heesu,Toronto Defiant,Common,OWL 2021
https://images.blz-contentstack.com/v3/assets/blt321317473c90505c/blt99b7e764b9b50a2c/5f1638d11e20a2081d95cace/Dragons_Diem.png,diem,Shanghai Dragons,Common,OWL 2021
https://images.blz-contentstack.com/v3/assets/blt321317473c90505c/bltd9f0e56622751466/5e473fc1f9482b17fbc76010/Spitfire_Although.png,Although,London Spitfire,Common,OWL 2021
https://images.blz-contentstack.com/v3/assets/blt321317473c90505c/blt44251d26003e0e5d/5ee2bc266b24fb0c8668cedc/Justice_Stitch.png,Stitch,Washington Justice,Common,OWL 2021
https://images.blz-contentstack.com/v3/assets/blt321317473c90505c/blta91470d46b333b6d/6019b529912a490c07af54a4/Titans_Stitch.png,Stitch,Vancouver Titans,Common,OWL 2021
https://images.blz-contentstack.com/v3/assets/blt321317473c90505c/blt7006666715e14aeb/6019c6223689c30bf1492560/Hunters_Garry.png,GARRY,Chengdu Hunters,Uncommon,OWL 2021
https://images.blz-contentstack.com/v3/assets/blt321317473c90505c/bltabbc9e75ee4725ff/6019d07ae7da1f0b98b5020c/SFS_Dhak.png,dhaK,San Francisco Shock,Uncommon,OWL 2021
https://images.blz-contentstack.com/v3/assets/blt321317473c90505c/blt93817cdf124b2875/6019c5c7912a490c07af5506/Fuel_Mickie.png,Mickie,Dallas Fuel,Rare,OWL 2021
https://images.blz-contentstack.com/v3/assets/blt321317473c90505c/blt1f9b05541680885f/5efe5afcd494e612aff461f4/Shock_ANS.png,ANS,San Francisco Shock,Common,OWL 2021
https://images.blz-contentstack.com/v3/assets/blt321317473c90505c/blt1f9b05541680885f/5efe5afcd494e612aff461f4/Shock_ANS.png,ANS,San Francisco Shock,Common,OWL 2021
https://images.blz-contentstack.com/v3/assets/blt321317473c90505c/blt0d1a8927ade0ec17/6019dc4a912a490c07af5556/DAL_Seagull.png,seagull,Dallas Fuel,Common,OWL 2021
https://images.blz-contentstack.com/v3/assets/blt321317473c90505c/bltb63effe4c2e8506c/5e45fc1baf702f08b6a3297b/NYXL_Nenne.png,Nenne,NYXL,Common,OWL 2021
https://images.blz-contentstack.com/v3/assets/blt321317473c90505c/blt21d82b4b8ad8abfa/5e47191ba173e408b75c0035/Justice_Corey.png,Corey,Washington Justice,Common,OWL 2021
https://images.blz-contentstack.com/v3/assets/blt321317473c90505c/blt619a3cdddaf531d4/5f15eff6d494e612aff46692/Charge_Nero.png,nero,San Francisco Shock,Common,OWL 2021
https://liquipedia.net/commons/images/2/20/Chengujiqiren.png,JIQIREN,Chengdu Hunters,Rare,OWL 2021
https://images.blz-contentstack.com/v3/assets/blt321317473c90505c/blt1cc2faf0f5c2e1ce/5f161de369a03212218fec41/Dynasty_Illicit.png,ILLICIT,Seoul Dynasty,Common,OWL 2021
https://images.blz-contentstack.com/v3/assets/blt321317473c90505c/blt1cc2faf0f5c2e1ce/5f161de369a03212218fec41/Dynasty_Illicit.png,ILLICIT,Seoul Dynasty,Common,OWL 2021
https://images.blz-contentstack.com/v3/assets/blt321317473c90505c/bltdeedb90fb157fdb3/5f3433844eebe153cbb09467/Dynasty_ToYou.png,ToYou,Seoul Dynasty,Rare,OWL 2021
https://images.blz-contentstack.com/v3/assets/blt321317473c90505c/bltabca77f60de669c6/5e46d849014cca0b68178d4e/Uprising_Fusions.png,Fusions,Boston Uprising,Rare,OWL 2021
https://images.blz-contentstack.com/v3/assets/blt321317473c90505c/bltf2c8cec1e766bd0a/6019cf9b912a490c07af5522/SEO_Miro.png,Miro,Seoul Dynasty,Rare,OWL 2021
https://images.blz-contentstack.com/v3/assets/blt321317473c90505c/blt75b98a91bcb090ad/5f0f432769a03212218fea92/Philly_ALARM.png,Alarm,Philadelphia Fusion,Uncommon,OWL 2021
https://images.blz-contentstack.com/v3/assets/blt321317473c90505c/blt9129686fd93a9194/6019b5e1e7da1f0b98b501a0/Defiant_Neko.png,Neko,Toronto Defiant,Uncommon,OWL 2021
https://images.blz-contentstack.com/v3/assets/blt321317473c90505c/blt3ed02cfb615d8a9b/6019d10a3689c30bf1492588/BOS_Neko.png,Neko,Boston Uprising,Uncommon,OWL 2021
https://images.blz-contentstack.com/v3/assets/blt321317473c90505c/blt6ffb82ed1331f69d/5e4725cc1a3b6617fcdccd73/Fuel_DOHA.png,Doha,Dallas Fuel,Common,OWL 2021
https://images.blz-contentstack.com/v3/assets/blt321317473c90505c/bltfe410f0f452043be/5e46d8491a3b6617fcdcccd7/Uprising_Swimmer.png,Swimmer,Boston Uprising,Uncommon,OWL 2021
https://images.blz-contentstack.com/v3/assets/blt321317473c90505c/blt571c0303abd3f343/5ee2bc55159cab0c8cfc4641/Defiant_Kruise.png,Kruise,Toronto Defiant,Uncommon,OWL 2021
https://images.blz-contentstack.com/v3/assets/blt321317473c90505c/bltb8c15c18efd88832/5e45f4671a3b6617fcdccca3/Eternal_Kruise.png,Kruise,Paris Eternal,Uncommon,OWL 2021
https://images.blz-contentstack.com/v3/assets/blt321317473c90505c/blt571b5d89028cba4e/5e45ee0d302051091c6cf53c/Defiant_Kellex.png,Kellex,London Spitfire,Uncommon,OWL 2021
https://images.blz-contentstack.com/v3/assets/blt321317473c90505c/blt04b36bf54ad447b0/5e50574a90aa6f732b7ed4e3/Fusion_SADO.png,SADO,Toronto Defiant,Rare,OWL 2021
https://images.blz-contentstack.com/v3/assets/blt321317473c90505c/blt0e7dcb12335d2df1/6019b4803689c30bf1492508/Justice_Fahzix.png,Fahzix,Washington Justice,Uncommon,OWL 2021
https://images.blz-contentstack.com/v3/assets/blt321317473c90505c/blt3d82fd7a6e8b0798/601c7004f228890b82d65754/Charge_Kariv.png,KariV,Guangzhou Charge,Uncommon,OWL 2021
https://images.blz-contentstack.com/v3/assets/blt321317473c90505c/blt87e1aef331f64bd8/5e45efa71a3b6617fcdccc87/Fusion_FunnyAstro.png,FunnyAstro,Philadelphia Fusion,Uncommon,OWL 2021
https://images.blz-contentstack.com/v3/assets/blt321317473c90505c/blt2e050ba3a2d0e39c/5e45f35acc8de70b69efa867/Mayhem_Karayan.png,Karayan,Florida Mayhem,Rare,OWL 2021
https://images.blz-contentstack.com/v3/assets/blt321317473c90505c/blt9682c09da48f74f4/5e46fb0bfbf2330bd4d046d4/Reign_FRD.png,frd,Atlanta Reign,Rare,OWL 2021
https://images.blz-contentstack.com/v3/assets/blt321317473c90505c/bltc831e43758dfdfb6/5f19d2515d2ae808119fb66e/Dragons_Void.png,Void,Shanghai Dragons,Rare,OWL 2021
https://images.blz-contentstack.com/v3/assets/blt321317473c90505c/blted69365c652494d0/5e45fc1bfbf2330bd4d0463c/NYXL_Saebyeolbe.png,SAEBYEOLBE,Seoul Dynasty,Common,OWL 2021
https://images.blz-contentstack.com/v3/assets/blt321317473c90505c/blt4a20c295653b7f5a/5f163a0f5d2ae808119fb5dc/Dragons_Leejaegon.png,LeeJaeGon,Shanghai Dragons,Uncommon,OWL 2021
https://images.blz-contentstack.com/v3/assets/blt321317473c90505c/blt408d717e0ba1a797/5e46fb1c80c3d41861a0f9f5/Reign_MASAA.png,Masaa,Atlanta Reign,Uncommon,OWL 2021
https://images.blz-contentstack.com/v3/assets/blt321317473c90505c/bltf3747ee269e4f7b7/6019c4f81eee240b8da788e4/Spark_Bazzi.png,Bazzi,Hangzhou Spark,Common,OWL 2021
https://images.blz-contentstack.com/v3/assets/blt321317473c90505c/blt64ae6d14c1bee680/6019b730f228890b82d655f0/Shock_Sleepy.png,sleepy,San Francisco Shock,Epic,OWL 2021
https://images.blz-contentstack.com/v3/assets/blt321317473c90505c/blt436aede662f8c9b3/6019b47f1eee240b8da788a8/Justice_Janus.png,Janus,Washington Justice,Rare,OWL 2021
https://images.blz-contentstack.com/v3/assets/blt321317473c90505c/bltc72f935778773d5c/6019dc02cd127e0c125f60e8/NYE_Janus.png,Janus,NYXL,Rare,OWL 2021
https://images.blz-contentstack.com/v3/assets/blt321317473c90505c/blte1d5211be9bcd19e/5e46f681af702f08b6a329eb/Outlaws_Linkzr.png,LiNkzr,Vancouver Titans,Common,OWL 2021
https://images.blz-contentstack.com/v3/assets/blt321317473c90505c/bltc956f0c72005b64d/5e46fb0bf9482b17fbc75f14/Reign_Edison.png,Edison,Atlanta Reign,Common,OWL 2021
https://liquipedia.net/commons/images/5/5e/Uprising_HALO.png,Halo,Boston Uprising,Legendary,OWL 2021
https://images.blz-contentstack.com/v3/assets/blt321317473c90505c/bltee12aa925fb1cc5d/5e46f6813acdc70bd3d46e21/Outlaws_Danteh.png,Danteh,Houston Outlaws,Common,OWL 2021
https://liquipedia.net/commons/images/1/15/London_Spitfire_2020_Krillin.png,Krillin,London Spitfire,Uncommon,OWL 2021
https://liquipedia.net/commons/images/f/f9/OWL 2021_2020_Vancouver_Titans_KSAA.png,KSAA,Vancouver Titans,Rare,OWL 2021
https://images.blz-contentstack.com/v3/assets/blt321317473c90505c/blt0db9bbb57d3095c9/601c7004e7da1f0b98b502d8/Charge_Rio.png,Rio,Guangzhou Charge,Rare,OWL 2021
https://images.blz-contentstack.com/v3/assets/blt321317473c90505c/bltab37749c9887e1f4/6019dd0d912a490c07af556c/SHD_FIveking.png,Fiveking,Shanghai Dragons,Uncommon,OWL 2021
https://images.blz-contentstack.com/v3/assets/blt321317473c90505c/bltc7e329fad3db230e/6019b5e1912a490c07af54a8/Defiant_Aid.png,Aid,Toronto Defiant,Uncommon,OWL 2021
https://images.blz-contentstack.com/v3/assets/blt321317473c90505c/bltd2e38c74c4cd0fb8/5e45f467f9482b17fbc75e86/Eternal_Nicogdh.png,NiCOgdh,Paris Eternal,Common,OWL 2021
https://images.blz-contentstack.com/v3/assets/blt321317473c90505c/bltd2e38c74c4cd0fb8/5e45f467f9482b17fbc75e86/Eternal_Nicogdh.png,NiCOgdh,Paris Eternal,Common,OWL 2021
https://images.blz-contentstack.com/v3/assets/blt321317473c90505c/blta25cf2656a425506/6019dcc8e7da1f0b98b50238/GLA_Asher.png,Asher,Los Angeles Gladiators,Common,OWL 2021
https://images.blz-contentstack.com/v3/assets/blt321317473c90505c/blt1eecc78575b45349/5e47462af9482b17fbc76034/Valiant_KSF.png,KSF,Houston Outlaws,Common,OWL 2021
https://images.blz-contentstack.com/v3/assets/blt321317473c90505c/bltc23176a52431a1a2/5e46f681a173e408b75bffbd/Outlaws_Boink.png,Boink,Houston Outlaws,Uncommon,OWL 2021
https://images.blz-contentstack.com/v3/assets/blt321317473c90505c/blt1a86d38e9b835909/5e45f0ed302051091c6cf548/Shock_Rascal.png,Rascal,Philadelphia Fusion,Common,OWL 2021
https://images.blz-contentstack.com/v3/assets/blt321317473c90505c/blt8ff0b3c5bd553e2d/5e473fc1af702f08b6a32acb/Spitfire_Babel.png,Babel,London Spitfire,Common,OWL 2021
https://images.blz-contentstack.com/v3/assets/blt321317473c90505c/bltd8a719fa4b90286a/6019d104e7da1f0b98b5021e/BOS_Mistakes.png,Mistakes,Boston Uprising,Common,OWL 2021
https://bnetcmsus-a.akamaihd.net/cms/page_media/D0O2D6DBHZEQ1515621286478.png,Freefeel,Shanghai Dragons,Uncommon,OWL 2021
https://images.blz-contentstack.com/v3/assets/blt321317473c90505c/bltaa72ae8ea73cf533/5e45ee0dcc8de70b69efa851/Defiant_Nevix.png,Nevix,Toronto Defiant,Rare,OWL 2021
https://bnetcmsus-a.akamaihd.net/cms/page_media/S02042JXNHF81515718127993.png,Lr1s,Atlanta Reign,Uncommon,OWL 2021
https://images.blz-contentstack.com/v3/assets/blt321317473c90505c/bltae8f3f9579e390cd/5e45f0ed014cca0b68178d1c/Shock_Striker.png,STRIKER,San Francisco Shock,Common,OWL 2021
https://images.blz-contentstack.com/v3/assets/blt321317473c90505c/blte4b7563086e452fa/5e45ee0d014cca0b68178d0e/Defiant_Mangachu.png,Mangachu,Toronto Defiant,Common,OWL 2021
https://images.blz-contentstack.com/v3/assets/blt321317473c90505c/blte4b7563086e452fa/5e45ee0d014cca0b68178d0e/Defiant_Mangachu.png,Mangachu,Toronto Defiant,Common,OWL 2021
https://images.blz-contentstack.com/v3/assets/blt321317473c90505c/blt88dfd4c854e542e1/6019d0bf912a490c07af552e/PHI_Fragi.png,snillo,Philadelphia Fusion,Common,OWL 2021
https://images.blz-contentstack.com/v3/assets/blt321317473c90505c/blta566f9299f6c7318/6019c4f83689c30bf1492550/Spark_NoSmite.png,NoSmite,Hangzhou Spark,Rare,OWL 2021
https://images.blz-contentstack.com/v3/assets/blt321317473c90505c/blt9dacc2de1ae4e791/5e46f691cc8de70b69efa8df/Outlaws_Rapel.png,Rapel,Dallas Fuel,Uncommon,OWL 2021
https://images.blz-contentstack.com/v3/assets/blt321317473c90505c/blt10fdc615868b7d1f/5e47191b302051091c6cf64a/Justice_Roar.png,rOar,Washington Justice,Rare,OWL 2021
https://images.blz-contentstack.com/v3/assets/blt321317473c90505c/blte5db7f3cf1833e1b/6019c449f228890b82d6560c/Gladiators_Roar.png,rOar,Los Angeles Gladiators,Rare,OWL 2021
https://images.blz-contentstack.com/v3/assets/blt321317473c90505c/blteba0362c1ca53f7c/5e9df22112b13044183324e0/Spark_Krystal.png,Krystal,Los Angeles Valiant,Common,OWL 2021
https://images.blz-contentstack.com/v3/assets/blt321317473c90505c/blt94f9842e5afdd86b/6019dd0d1eee240b8da78950/SHD_Xushu.png,Xushu,Shanghai Dragons,Common,OWL 2021
https://images.blz-contentstack.com/v3/assets/blt321317473c90505c/bltdfa5a283709c6759/5e45fc1b3acdc70bd3d46de3/NYXL_Libero.png,Libero,New York Excelsior,Common,OWL 2021
https://images.blz-contentstack.com/v3/assets/blt321317473c90505c/bltdfa5a283709c6759/5e45fc1b3acdc70bd3d46de3/NYXL_Libero.png,Libero,NYXL,Common,OWL 2021
https://images.blz-contentstack.com/v3/assets/blt321317473c90505c/blt405ebc4072de10c9/5e46d849a173e408b75bffa7/Uprising_Jerry.png,Jerry,Washington Justice,Common,OWL 2021
https://images.blz-contentstack.com/v3/assets/blt321317473c90505c/blt4d789baf1b88d64b/5e50567d0cabeb72b7783e2f/Fusion_POKO.png,Poko,Philadelphia Fusion,Rare,OWL 2021
https://images.blz-contentstack.com/v3/assets/blt321317473c90505c/bltaa3effff45d415dd/6019d1043689c30bf1492584/BOS_Snow.png,Snow,Boston Uprising,Uncommon,OWL 2021
https://images.blz-contentstack.com/v3/assets/blt321317473c90505c/bltbf54bd203672b820/5e45f1b93acdc70bd3d46dbd/LAGladiators_Space.png,SPACE,Los Angeles Gladiators,Rare,OWL 2021
https://images.blz-contentstack.com/v3/assets/blt321317473c90505c/blt8dbc8b07df82e71f/5e9a2e428d83401be1197b22/Hunters_Jinmu.png,JinMu,Chengdu Hunters,Common,OWL 2021
https://images.blz-contentstack.com/v3/assets/blt321317473c90505c/blt9721c98b3f1e86d1/5e473fd180c3d41861a0fae5/Spitfire_Highly.png,Highly,London Spitfire,Uncommon,OWL 2021
https://images.blz-contentstack.com/v3/assets/blt321317473c90505c/blt4550638e368431d9/6019b837912a490c07af54ce/Eternal_Danye.png,danye,Paris Eternal,Common,OWL 2021
https://images.blz-contentstack.com/v3/assets/blt321317473c90505c/blte509403332118cd4/5f35ceee0cfe4555ebb3a260/Hunters_Leave.png,Leave,Chengdu Hunters,Common,OWL 2021
https://bnetcmsus-a.akamaihd.net/cms/gallery/G221PTI8FNTR1549581231849.png,blas√©,Boston Uprising,Common,OWL 2021
https://images.blz-contentstack.com/v3/assets/blt321317473c90505c/blt88f8ea196bdcc2ca/601c70041eee240b8da78a34/Charge_Eileen.png,Eileen,Guangzhou Charge,Common,OWL 2021
https://images.blz-contentstack.com/v3/assets/blt321317473c90505c/blt5f08d5e71e34ca73/6019dbd3f228890b82d65668/VAL_Agilities.png,Agilities,Los Angeles Valiant,Legendary,OWL 2021
https://images.blz-contentstack.com/v3/assets/blt321317473c90505c/bltb8b18ba5a50e1d15/6019c57f912a490c07af5502/Mayhem_Swon.png,SWoN,Florida Mayhem,Legendary,OWL 2021
https://images.blz-contentstack.com/v3/assets/blt321317473c90505c/blt66df55b7fe6a3aaa/5e46f6811a3b6617fcdccd0b/Outlaws_Jecse.png,Jecse,Dallas Fuel,Legendary,OWL 2021
https://images.blz-contentstack.com/v3/assets/blt321317473c90505c/blt8bcadd63cbb84fc7/6019d0803689c30bf1492580/SFS_Nomy.png,Nomy,San Francisco Shock,Legendary,OWL 2021
https://images.blz-contentstack.com/v3/assets/blt321317473c90505c/blt0c9fa0c84fbbc3cb/6019b48014a90a0bfc552b36/Justice_gido.png,Gido,Washington Justice,Legendary,OWL 2021
https://images.blz-contentstack.com/v3/assets/blt321317473c90505c/blt026e328137352645/6019cf9b14a90a0bfc552bb2/SEO_Gido.png,Gido,Seoul Dynasty,Uncommon,OWL 2021
https://bnetcmsus-a.akamaihd.net/cms/page_media/KA2YMLHN9WL61512769977429.png,iRemiix,Los Angeles Gladiators,Rare,OWL 2021
https://images.blz-contentstack.com/v3/assets/blt321317473c90505c/bltc57b1c6617c80628/5e45f35afbf2330bd4d04636/Mayhem_Gargoyle.png,GARGOYLE,Florida Mayhem,Rare,OWL 2021
https://images.blz-contentstack.com/v3/assets/blt321317473c90505c/bltd50f4e6df1a5444b/5e45f0ed80c3d41861a0f961/Shock_VIOL2T.png,Viol2t,San Francisco Shock,Uncommon,OWL 2021
https://images.blz-contentstack.com/v3/assets/blt321317473c90505c/blt12f8c2370f708cba/5e47462a7ffde40916a35c19/Valiant_Apply.png,Apply,Los Angeles Valiant,Common,OWL 2021
https://images.blz-contentstack.com/v3/assets/blt321317473c90505c/bltddc229def4b89e95/6019c58099cd810ba3e71f6a/Mayhem_Apply.png,Apply,Florida Mayhem,Common,OWL 2021
https://images.blz-contentstack.com/v3/assets/blt321317473c90505c/bltea3c546fb3332643/5e47191b7ffde40916a35b6b/Justice_AimGod.png,AimGod,Washington Justice,Uncommon,OWL 2021
https://images.blz-contentstack.com/v3/assets/blt321317473c90505c/bltea3c546fb3332643/5e47191b7ffde40916a35b6b/Justice_AimGod.png,AimGod,Washington Justice,Uncommon,OWL 2021
https://images.blz-contentstack.com/v3/assets/blt321317473c90505c/bltc1ed9218364c7e61/6019d10a99cd810ba3e71f9c/BOS_AimGod.png,AimGod,Boston Uprising,Uncommon,OWL 2021
https://images.blz-contentstack.com/v3/assets/blt321317473c90505c/bltad3a99e0de369d9b/5e45f1b980c3d41861a0f967/LAGladiators_LHCloudy.png,LhCloudy,Los Angeles Gladiators,Rare,OWL 2021
https://images.blz-contentstack.com/v3/assets/blt321317473c90505c/blt31c60c72705a3ac4/5e9a2e428286c81bdae7a185/Hunters_Elsa.png,Elsa,Chengdu Hunters,Rare,OWL 2021
https://images.blz-contentstack.com/v3/assets/blt321317473c90505c/blt60bee35ed05611c8/5f1241495d2ae808119fb4f2/Eternal_Fielder.png,Fielder,Dallas Fuel,Uncommon,OWL 2021
https://images.blz-contentstack.com/v3/assets/blt321317473c90505c/bltc19ed9e2838cba63/5f35cfd5b7dcf5546ea927cf/Hunters_Ating.png,ATing,Chengdu Hunters,Rare,OWL 2021
https://images.blz-contentstack.com/v3/assets/blt321317473c90505c/blt2f70b54c390b6f91/5e45efa7f9482b17fbc75e74/Fusion_EQO.png,eqo,Philadelphia Fusion,Common,OWL 2021
https://images.blz-contentstack.com/v3/assets/blt321317473c90505c/blta6462c54295dd9b4/5e45f467302051091c6cf566/Eternal_XZI.png,Xzi,Dallas Fuel,Common,OWL 2021
https://images.blz-contentstack.com/v3/assets/blt321317473c90505c/blt252763f287c7ed0e/6019dc9514a90a0bfc552be4/FLA_Zuppeh.png,Zuppeh,Florida Mayhem,Uncommon,OWL 2021
https://images.blz-contentstack.com/v3/assets/blt321317473c90505c/bltf40612c8c6c8ab94/5e46d849af702f08b6a329c1/Uprising_Myunbong.png,Myunb0ng,Boston Uprising,Uncommon,OWL 2021
https://images.blz-contentstack.com/v3/assets/blt321317473c90505c/blte83c806ea8b8338f/6019cf9bcd127e0c125f60be/SEO_Wekeed.png,Wekeed,Seoul Dynasty,Common,OWL 2021
https://images.blz-contentstack.com/v3/assets/blt321317473c90505c/blt35a4427a4918426f/6019b647f228890b82d655e8/Dragons_Coma.png,CoMa,Shanghai Dragons,Uncommon,OWL 2021
https://images.blz-contentstack.com/v3/assets/blt321317473c90505c/bltaf2a594f2a5b0194/5f1638b3d494e612aff466b0/Dragons_Fearless.png,FEARLESS,Dallas Fuel,Rare,OWL 2021
https://images.blz-contentstack.com/v3/assets/blt321317473c90505c/blt4de04ec40dd490ae/6019c4f8912a490c07af54f2/Spark_Adora.png,Adora,Hangzhou Spark,Common,OWL 2021
https://images.blz-contentstack.com/v3/assets/blt321317473c90505c/blt23a99edf52981e98/5f0f41bc4afc510797a4f09a/MAYHEM_KRIS.png,Kris,Florida Mayhem,Uncommon,OWL 2021
https://images.blz-contentstack.com/v3/assets/blt321317473c90505c/blt6315f2a4b6c4cc27/5f15f543670b730798f13a8b/Spark_Sasin.png,SASIN,Hangzhou Spark,Common,OWL 2021
https://images.blz-contentstack.com/v3/assets/blt321317473c90505c/blta6cb9d8481838506/6019c4f91eee240b8da788e8/Spark_Sasin.png,SASIN,Hangzhou Spark,Rare,OWL 2021
https://images.blz-contentstack.com/v3/assets/blt321317473c90505c/blt9f6560ae56f9e3f9/5f15ef2b4bcd381222c44162/Charge_SHU.png,shu,Los Angeles Gladiators,Uncommon,OWL 2021
https://images.blz-contentstack.com/v3/assets/blt321317473c90505c/blt6606ffc90edc2cfb/6019dd503689c30bf14925ba/LDN_Nus.png,NUS,London Spitfire,Uncommon,OWL 2021
https://images.blz-contentstack.com/v3/assets/blt321317473c90505c/blt8e87001032c77b75/5f07b6064bcd381222c43e91/Spark_QQQ.png,QoQ,Hangzhou Spark,Rare,OWL 2021
https://images.blz-contentstack.com/v3/assets/blt321317473c90505c/blt951d827a915d1008/6019b97df228890b82d65604/Valiant_Custa.png,Custa,Los Angeles Valiant,Uncommon,OWL 2021
https://images.blz-contentstack.com/v3/assets/blt321317473c90505c/blt951d827a915d1008/6019b97df228890b82d65604/Valiant_Custa.png,Custa,Dallas Fuel,Uncommon,OWL 2021
https://images.blz-contentstack.com/v3/assets/blt321317473c90505c/blt0cf079507fa2cdf9/5e45f458210300185a9c9e56/Eternal_Greyy.png,Greyy,Paris Eternal,Uncommon,OWL 2021
https://images.blz-contentstack.com/v3/assets/blt321317473c90505c/bltc5aea79e6bd63b6b/5f16391369a03212218fec45/Dragons_Luffy.png,Luffy,Shanghai Dragons,Uncommon,OWL 2021
https://images.blz-contentstack.com/v3/assets/blt321317473c90505c/bltc5aea79e6bd63b6b/5f16391369a03212218fec45/Dragons_Luffy.png,Luffy,Shanghai Dragons,Epic,OWL 2021
https://images.blz-contentstack.com/v3/assets/blt321317473c90505c/bltc3e6a54dc2bc8edc/5e473fd1af702f08b6a32ad1/Spitfire_Schwi.png,Schwi,London Spitfire,Common,OWL 2021
https://images.blz-contentstack.com/v3/assets/blt321317473c90505c/bltc3e6a54dc2bc8edc/5e473fd1af702f08b6a32ad1/Spitfire_Schwi.png,Schwi,London Spitfire,Common,OWL 2021
https://images.blz-contentstack.com/v3/assets/blt321317473c90505c/blt87dc5439726872cf/5e45ee0d7ffde40916a35a77/Defiant_Beast.png,Beast,Toronto Defiant,Rare,OWL 2021
https://images.blz-contentstack.com/v3/assets/blt321317473c90505c/bltc9ebf40184e11b0c/5e45f0edfbf2330bd4d04624/Shock_Moth.png,moth,Los Angeles Gladiators,Uncommon,OWL 2021
https://images.blz-contentstack.com/v3/assets/blt321317473c90505c/blt62ab4f830fa2a21d/5e4725d6210300185a9c9f26/Fuel_Trill.png,Trill,Dallas Fuel,Rare,OWL 2021
https://images.blz-contentstack.com/v3/assets/blt321317473c90505c/blt509acc213d1869a6/5f15f5781e20a2081d95caa6/Spark_Coldest.png,ColdesT,Hangzhou Spark,Uncommon,OWL 2021
https://images.blz-contentstack.com/v3/assets/blt321317473c90505c/blt663dfe8a8c35ffce/6019dd13cd127e0c125f6106/SHD_Altering.png,Altering,Shanghai Dragons,Uncommon,OWL 2021
https://images.blz-contentstack.com/v3/assets/blt321317473c90505c/blt3afe04c9cd25dee6/6019c5c714a90a0bfc552b94/Fuel_Taimou.png,Taimou,Dallas Fuel,Common,OWL 2021
https://images.blz-contentstack.com/v3/assets/blt321317473c90505c/bltde3fa2556a5cfa14/5e45f1b9302051091c6cf54e/LAGladiators_Mirror.png,MirroR,Los Angeles Gladiators,Common,OWL 2021
https://images.blz-contentstack.com/v3/assets/blt321317473c90505c/blt4c9d53c2d57db468/6019c4f914a90a0bfc552b80/Spark_Revenge.png,Revenge,Hangzhou Spark,Uncommon,OWL 2021
https://images.blz-contentstack.com/v3/assets/blt321317473c90505c/bltf320d3734c4cad6e/5ee7d66b35e7480c656fa490/Shock_Twilight.png,Twilight,San Francisco Shock,Uncommon,OWL 2021
https://images.blz-contentstack.com/v3/assets/blt321317473c90505c/blt2800efd0aa617a45/5f1639304afc510797a4f2a0/Dragons_Stand1.png,Stand1,Boston Uprising,Rare,OWL 2021
https://images.blz-contentstack.com/v3/assets/blt321317473c90505c/blt0657c218f32d8c3a/6019c5c799cd810ba3e71f6e/Fuel_Effect.png,EFFECT,Dallas Fuel,Common,OWL 2021
https://images.blz-contentstack.com/v3/assets/blt321317473c90505c/bltd5e0a8339b00480d/5f163949b7f22712a4d5177e/Dragons_Lip.png,LIP,Shanghai Dragons,Common,OWL 2021
https://images.blz-contentstack.com/v3/assets/blt321317473c90505c/blt8ff27493c6d4fb9a/6019b7c714a90a0bfc552b5a/Fusion_Elk.png,Elk,Philadelphia Fusion,Uncommon,OWL 2021
https://ggscore.com/media/logo/p13291.png,zappis,Florida Mayhem,Rare,OWL 2021
https://images.blz-contentstack.com/v3/assets/blt321317473c90505c/blt3a425a72dbba5ca5/6019b6e21eee240b8da788ba/Dynasty_Zunba.png,ZUNBA,Seoul Dynasty,Rare,OWL 2021
https://liquipedia.net/commons/images/2/29/London_Quatermain.png,QuaterMain,London Spitfire,Uncommon,OWL 2021
https://liquipedia.net/commons/images/5/5b/OWL 2021_2019_Boston_Uprising_Persia.png,Persia,Boston Uprising,Uncommon,OWL 2021
https://images.blz-contentstack.com/v3/assets/blt321317473c90505c/bltd86e3c1fea2d007e/6019b529cd127e0c125f6050/Titans_Seominsoo.png,SeoMinSoo,Vancouver Titans,Common,OWL 2021
https://images.blz-contentstack.com/v3/assets/blt321317473c90505c/blt5a7a69474b25ce34/601c700499cd810ba3e7207a/Charge_Mandu.png,Mandu,Guangzhou Charge,Uncommon,OWL 2021
https://images.blz-contentstack.com/v3/assets/blt321317473c90505c/blt92100b32ce602243/5f1263dc69a03212218feb75/Dynasty_Slime.png,SLIME,Florida Mayhem,Uncommon,OWL 2021
https://images.blz-contentstack.com/v3/assets/blt321317473c90505c/bltd697f151b1ee8060/5e9a2e42b6788f72b89eaa05/Hunters_BaconJack.png,Baconjack,Chengdu Hunters,Common,OWL 2021
https://images.blz-contentstack.com/v3/assets/blt321317473c90505c/blte3276447abb0277e/5e45ee0d3acdc70bd3d46da9/Defiant_Roky.png,RoKy,Toronto Defiant,Uncommon,OWL 2021
https://images.blz-contentstack.com/v3/assets/blt321317473c90505c/bltde52881247331517/5f15f60dd494e612aff4669a/Spark_IDK.png,iDK,Hangzhou Spark,Uncommon,OWL 2021
https://images.blz-contentstack.com/v3/assets/blt321317473c90505c/blta33372cff0744a9a/6019dc95f228890b82d65676/FLA_Manneten.png,Manneten,Florida Mayhem,Rare,OWL 2021
https://images.blz-contentstack.com/v3/assets/blt321317473c90505c/blt02e697fc7b4e4f7a/6019dc5be7da1f0b98b50230/DAL_Chipshajen.png,Chipshajen,Dallas Fuel,Uncommon,OWL 2021
https://images.blz-contentstack.com/v3/assets/blt321317473c90505c/blt6e8f48103f1d385a/5f0f41d5670b730798f138a9/MAYHEM_YAKI.png,Yaki,Florida Mayhem,Common,OWL 2021
https://images.blz-contentstack.com/v3/assets/blt321317473c90505c/blt13e5c480aaf87e81/6019dc5bcd127e0c125f60f4/DAL_aKm.png,aKm,Dallas Fuel,Common,OWL 2021
https://images.blz-contentstack.com/v3/assets/blt321317473c90505c/blt20d23e16b836b3f2/5e473fc1a173e408b75c00d5/Spitfire_Bernar.png,BERNAR,London Spitfire,Rare,OWL 2021
https://images.blz-contentstack.com/v3/assets/blt321317473c90505c/blt12fa84cdf8909e73/5e473fc1fbf2330bd4d047de/Spitfire_Fuze.png,Fuze,London Spitfire,Uncommon,OWL 2021
https://images.blz-contentstack.com/v3/assets/blt321317473c90505c/blt122a8201881d762a/5e47462a210300185a9c9f8e/Valiant_Lastro.png,Lastro,Toronto Defiant,Uncommon,OWL 2021
https://images.blz-contentstack.com/v3/assets/blt321317473c90505c/blt5299e36cce67d490/6019c4cbcd127e0c125f608e/Outlaws_Arhan.png,ArHaN,Houston Outlaws,Common,OWL 2021
https://images.blz-contentstack.com/v3/assets/blt321317473c90505c/blt701978ac310a2167/6019c549e7da1f0b98b501e0/Charge_OnlyWish.png,Onlywish,Guangzhou Charge,Uncommon,OWL 2021
https://images.blz-contentstack.com/v3/assets/blt321317473c90505c/blt895ac14cb334188f/6019c5801eee240b8da788f0/Mayhem_Xepher.png,xepheR,Florida Mayhem,Rare,OWL 2021
https://images.blz-contentstack.com/v3/assets/blt321317473c90505c/bltde5ede66e43d4c15/6019cf9b99cd810ba3e71f86/SEO_Xepher.png,xepheR,Seoul Dynasty,Rare,OWL 2021
https://images.blz-contentstack.com/v3/assets/blt321317473c90505c/blt962d31b1f71c8dcd/5f161d9e1e20a2081d95cabe/Dynasty_Tobi.png,tobi,Seoul Dynasty,Uncommon,OWL 2021
https://images.blz-contentstack.com/v3/assets/blt321317473c90505c/blt3e2b9cc3f360c317/5e45f35a7ffde40916a35a95/Mayhem_Sayaplayer.png,sayaplayer,Florida Mayhem,Common,OWL 2021
https://images.blz-contentstack.com/v3/assets/blt321317473c90505c/blt80f956a4a765f939/5e45efa7a173e408b75bff4d/Fusion_Fury.png,Fury,Washington Justice,Rare,OWL 2021
https://images.blz-contentstack.com/v3/assets/blt321317473c90505c/blt5fb8a980526e4ac2/5e46fb0bcc8de70b69efa8fd/Reign_BabyBay.png,babybay,Atlanta Reign,Common,OWL 2021
https://images.blz-contentstack.com/v3/assets/blt321317473c90505c/blt4ddbc31c193faf38/6019dbd33689c30bf1492592/VAL_Verbo.png,Verbo,Los Angeles Valiant,Uncommon,OWL 2021
https://images.blz-contentstack.com/v3/assets/blt321317473c90505c/blt2682b5ced4276b62/6019d104912a490c07af5536/BOS_Kalios.png,Kalios,Boston Uprising,Rare,OWL 2021
https://images.blz-contentstack.com/v3/assets/blt321317473c90505c/blt4c3edfb1ef49e935/6019b837e7da1f0b98b501c2/Eternal_Shadowburn.png,ShaDowBurn,Paris Eternal,Common,OWL 2021
https://images.blz-contentstack.com/v3/assets/blt321317473c90505c/blt475dc310fed73898/6019dd4af228890b82d6568a/LDN_Woohyal.png,WooHyaL,London Spitfire,Rare,OWL 2021
https://images.blz-contentstack.com/v3/assets/blt321317473c90505c/blt6d2a30a9fcb1f1cc/5f3433678775a353ccc48124/Dragons_Diya.png,Diya,Shanghai Dragons,Common,OWL 2021
https://images.blz-contentstack.com/v3/assets/blt321317473c90505c/blt6d2a30a9fcb1f1cc/5f3433678775a353ccc48124/Dragons_Diya.png,Diya,Shanghai Dragons,Common,OWL 2021
https://bnetcmsus-a.akamaihd.net/cms/gallery/AQSV3TEWN26R1522979559773.png,silkthread,Los Angeles Gladiators,Common,OWL 2021
https://images.blz-contentstack.com/v3/assets/blt321317473c90505c/blt384f8bb6e3d42c63/5e45f4587ffde40916a35aa3/Eternal_BenBest.png,BenBest,Paris Eternal,Rare,OWL 2021
https://images.blz-contentstack.com/v3/assets/blt321317473c90505c/blt7e0395ddb8fa07fd/6019b480912a490c07af549c/Justice_Ado.png,Ado,Washington Justice,Common,OWL 2021
https://images.blz-contentstack.com/v3/assets/blt321317473c90505c/blt3ea2ea8b7212e658/6018aaf8cd127e0c125f6028/Generic_Player_Icon.png,Envy,Shanghai Dragons,Rare,OWL 2021
https://images.blz-contentstack.com/v3/assets/blt321317473c90505c/blt3120fcbf8363839f/6019dbc914a90a0bfc552bce/VAL_Envy.png,Envy,Los Angeles Valiant,Rare,OWL 2021
https://images.blz-contentstack.com/v3/assets/blt321317473c90505c/blteeadd49e3d3d209f/6019dc4af228890b82d65672/DAL_XQC.png,xQc,Dallas Fuel,Rare,OWL 2021
https://images.blz-contentstack.com/v3/assets/blt321317473c90505c/blt5677550667c1a445/5f161dcd69a03212218fec3f/Dynasty_Fits.png,Fits,Seoul Dynasty,Common,OWL 2021
https://images.blz-contentstack.com/v3/assets/blt321317473c90505c/blt8b19512ba8f75891/5f123f7e1e20a2081d95c9cc/Fuel_ONIGOD.png,Onigod,Paris Eternal,Common,OWL 2021
https://liquipedia.net/commons/images/0/02/OWL 2021_2020_NYXL_Haksal.png,Haksal,New York Excelsior,Common,OWL 2021
https://images.blz-contentstack.com/v3/assets/blt321317473c90505c/blt3b2ec96e47771372/5e45f1b9210300185a9c9e3e/LAGladiators_Birdring.png,Birdring,Los Angeles Gladiators,Common,OWL 2021
https://images.blz-contentstack.com/v3/assets/blt321317473c90505c/blt93a96e7e8d743866/6019c66299cd810ba3e71f7a/Uprising_Axxiom.png,axxiom,Boston Uprising,Rare,OWL 2021
https://images.blz-contentstack.com/v3/assets/blt321317473c90505c/blt18b30f20aae0495b/5e46f691af702f08b6a329f1/Outlaws_Muma.png,Muma,Houston Outlaws,Rare,OWL 2021
https://images.blz-contentstack.com/v3/assets/blt321317473c90505c/bltb42d9be28082b3b6/5f1639f069a03212218fec47/Dragons_Izayaki.png,IZaYaKI,Shanghai Dragons,Uncommon,OWL 2021
https://images.blz-contentstack.com/v3/assets/blt321317473c90505c/blt109b4b6e3e70c074/5e473fc11a3b6617fcdccde7/Spitfire_Glister.png,Glister,San Francisco Shock,Common,OWL 2021
https://images.blz-contentstack.com/v3/assets/blt321317473c90505c/bltd3d43d6d7e36042c/5e45fc1bf9482b17fbc75e9a/NYXL_JJONAK.png,JJonak,New York Excelsior,Uncommon,OWL 2021
https://images.blz-contentstack.com/v3/assets/blt321317473c90505c/blt54f1b9eea8dadd51/5e472282af702f08b6a32a53/Mayhem_BQB.png,bqb,Florida Mayhem,Common,OWL 2021
https://images.blz-contentstack.com/v3/assets/blt321317473c90505c/blt49beb67a17359de3/5e45f458302051091c6cf560/Eternal_FDGOD.png,FDGod,San Francisco Shock,Uncommon,OWL 2021
https://images.blz-contentstack.com/v3/assets/blt321317473c90505c/blt6a235b595d55557a/5e45f1b9af702f08b6a32961/LAGladiators_Shaz.png,Shaz,Los Angeles Gladiators,Uncommon,OWL 2021
https://images.blz-contentstack.com/v3/assets/blt321317473c90505c/bltee8afcce21440a6f/5e46f691014cca0b68178da2/Outlaws_Meko.png,MekO,Houston Outlaws,Rare,OWL 2021
https://images.blz-contentstack.com/v3/assets/blt321317473c90505c/blt3b4567be0788cae5/6019dc03f228890b82d6566c/NYE_Meko.png,MekO,NYXL,Rare,OWL 2021
https://liquipedia.net/commons/images/c/c0/OWL 2021_2019_Paris_Eternal_Finnsi.png,Finnsi,Paris Eternal,Rare,OWL 2021
https://images.blz-contentstack.com/v3/assets/blt321317473c90505c/blt021c3e69a62e60e3/6019c4cbf228890b82d65616/Outlaws_Coolmatt.png,coolmatt,Houston Outlaws,Rare,OWL 2021
https://images.blz-contentstack.com/v3/assets/blt321317473c90505c/bltabb3911ee79c6f61/6019dd5099cd810ba3e71fc8/LDN_Hooreg.png,Hooreg,London Spitfire,Common,OWL 2021
https://images.blz-contentstack.com/v3/assets/blt321317473c90505c/blt13c34970c6abb979/5e47462a014cca0b68178ec8/Valiant_KSP.png,KSP,Los Angeles Valiant,Common,OWL 2021
https://images.blz-contentstack.com/v3/assets/blt321317473c90505c/blt187a77a9335f054a/5e45f0ed210300185a9c9e38/Shock_Super.png,super,San Francisco Shock,Rare,OWL 2021
https://images.blz-contentstack.com/v3/assets/blt321317473c90505c/blt7247e65f115eed93/5e46f681fbf2330bd4d046c2/Outlaws_Blase.png,blase,London Spitfire,Common,OWL 2021
https://images.blz-contentstack.com/v3/assets/blt321317473c90505c/blt9ccdc123fec8e17e/5e45f46780c3d41861a0f979/Eternal_SP9RK1E.png,SP9RK1E,Dallas Fuel,Common,OWL 2021
https://images.blz-contentstack.com/v3/assets/blt321317473c90505c/blta07ba234085f996b/5e46f691a173e408b75bffc3/Outlaws_Spree.png,Spree,Houston Outlaws,Rare,OWL 2021
https://images.blz-contentstack.com/v3/assets/blt321317473c90505c/blt73d71ba73abbd6a0/5f0f43054afc510797a4f0a2/PHILLY_CARPE.png,carpe,Philadelphia Fusion,Common,OWL 2021
https://images.blz-contentstack.com/v3/assets/blt321317473c90505c/blt9d0df7384ef65bd7/5f15ef0f670b730798f13a89/Charge_Neptuno.png,neptuNo,Paris Eternal,Uncommon,OWL 2021
https://bnetcmsus-a.akamaihd.net/cms/page_media/S02042JXNHF81515718127993.png,Mcgravy,Florida Mayhem,Rare,OWL 2021
https://images.blz-contentstack.com/v3/assets/blt321317473c90505c/blt9d07720905e6872f/6019dd4af228890b82d65686/LDN_Fissure.png,Fissure,London Spitfire,Rare,OWL 2021
https://images.blz-contentstack.com/v3/assets/blt321317473c90505c/blt0bad17533e19ec26/5e46fb1ca173e408b75bffcb/Reign_Hawk.png,Hawk,Atlanta Reign,Rare,OWL 2021
https://liquipedia.net/commons/images/4/4b/Skaryk.png,sharyk,Toronto Defiant,Rare,OWL 2021
https://images.blz-contentstack.com/v3/assets/blt321317473c90505c/bltce4a4d528bd2a46c/5e45f1b9014cca0b68178d22/LAGladiators_BigGoose.png,BigG00se,Los Angeles Gladiators,Uncommon,OWL 2021
https://images.blz-contentstack.com/v3/assets/blt321317473c90505c/bltceaf80ef66f5f779/6019cf643689c30bf1492570/HOU_Bani.png,Bani,Houston Outlaws,Uncommon,OWL 2021
https://images.blz-contentstack.com/v3/assets/blt321317473c90505c/blt9f4967de057d93d1/601c7004cd127e0c125f61c4/Charge_Crong.png,Cr0ng,Guangzhou Charge,Rare,OWL 2021
https://bnetcmsus-a.akamaihd.net/cms/gallery/12SGRH0XWA271522979595814.png,Sky,Shanghai Dragons,Uncommon,OWL 2021
https://images.blz-contentstack.com/v3/assets/blt321317473c90505c/blt18782d34f1a10890/5f15f519b7f22712a4d5175e/Spark_Mika.png,M1ka,Hangzhou Spark,Uncommon,OWL 2021
https://bnetcmsus-a.akamaihd.net/cms/gallery/CI15RD12PX7G1550093224907.png,Ripa,London Spitfire,Uncommon,OWL 2021
https://images.blz-contentstack.com/v3/assets/blt321317473c90505c/blt1476358ad2a0c8ef/6019c57fcd127e0c125f609c/Mayhem_Hagopeun.png,HaGoPeun,Florida Mayhem,Uncommon,OWL 2021
https://images.blz-contentstack.com/v3/assets/blt321317473c90505c/blt1fa6ec9ebebdb989/6019dd4a1eee240b8da78954/LDN_Hagopeun.png,HaGoPeun,London Spitfire,Uncommon,OWL 2021
https://images.blz-contentstack.com/v3/assets/blt321317473c90505c/bltb1972e21915716ca/5e45f0ed7ffde40916a35a87/Shock_Smurf.png,smurf,San Francisco Shock,Rare,OWL 2021
https://images.blz-contentstack.com/v3/assets/blt321317473c90505c/blt53e6eb92e2a73ec0/6019c6a514a90a0bfc552ba2/Reign_dafran.png,dafran,Atlanta Reign,Common,OWL 2021
https://images.blz-contentstack.com/v3/assets/blt321317473c90505c/bltbbbae679c7759bd8/5e45efa73acdc70bd3d46daf/Fusion_Chipsa.png,ChipSa,Philadelphia Fusion,Common,OWL 2021
https://images.blz-contentstack.com/v3/assets/blt321317473c90505c/blt5ffe9d1fb4903b53/5e47191bfbf2330bd4d0473e/Justice_TTuba.png,Ttuba,Washington Justice,Common,OWL 2021
https://images.blz-contentstack.com/v3/assets/blt321317473c90505c/blt384ee29137fee3f9/5e473fd17ffde40916a35bf3/Spitfire_JMAC1804.png,Jmac,London Spitfire,Rare,OWL 2021
https://images.blz-contentstack.com/v3/assets/blt321317473c90505c/blt1c947f8c3a9989e2/5f15f5d71e20a2081d95caa8/Spark_BeBe.png,BEBE,Washington Justice,Uncommon,OWL 2021
https://images.blz-contentstack.com/v3/assets/blt321317473c90505c/blt149c9716bf7ef9f2/5e45fc1b1a3b6617fcdccca9/NYXL_Anamo.png,Anamo,Seoul Dynasty,Uncommon,OWL 2021
https://images.blz-contentstack.com/v3/assets/blt321317473c90505c/bltdb93884387943bf2/6019b97d14a90a0bfc552b6a/Valiant_Kuki.png,KuKi,Los Angeles Valiant,Rare,OWL 2021
https://images.blz-contentstack.com/v3/assets/blt321317473c90505c/bltc67f62b2eea8ded5/6019cf9bf228890b82d6564a/SEO_Kuki.png,KuKi,Seoul Dynasty,Rare,OWL 2021
https://images.blz-contentstack.com/v3/assets/blt321317473c90505c/blt40227987928a8476/5e47462afbf2330bd4d047fe/Valiant_Rain.png,RaiN,Los Angeles Valiant,Uncommon,OWL 2021
https://images.blz-contentstack.com/v3/assets/blt321317473c90505c/blt2dea35594325e2bc/6019c6a5912a490c07af5516/Reign_NlaaeR.png,NLaaeR,Atlanta Reign,Common,OWL 2021
https://images.blz-contentstack.com/v3/assets/blt321317473c90505c/bltbd203d2fdce95eb7/6019c6a51eee240b8da78908/Reign_Daco.png,Daco,Atlanta Reign,Rare,OWL 2021
https://liquipedia.net/commons/images/6/63/OWL 2021_2020_Toronto_zYKK.png,zYKK,Toronto Defiant,Common,OWL 2021
https://images.blz-contentstack.com/v3/assets/blt321317473c90505c/blt21cc5a5f8604c388/5e45fc1b210300185a9c9e5c/NYXL_Mano.png,Mano,Philadelphia Fusion,Rare,OWL 2021
https://images.blz-contentstack.com/v3/assets/blt321317473c90505c/bltd0c7f132c3939b2e/5f15f4f5b7f22712a4d5175c/Spark_Ria.png,Ria,Washington Justice,Rare,OWL 2021
https://images.blz-contentstack.com/v3/assets/blt321317473c90505c/blt5a4b283ec499ae38/6019dd0d14a90a0bfc552bf2/SHD_Undead.png,Undead,Shanghai Dragons,Common,OWL 2021
https://liquipedia.net/commons/images/a/ac/Shock_Sinatraa.jpg,sinatraa,San Francisco Shock,Common,OWL 2021
https://images.blz-contentstack.com/v3/assets/blt321317473c90505c/blt20b314605f0f842a/6019b529f228890b82d655dc/Titans_Bumper.png,BUMPER,Vancouver Titans,Rare,OWL 2021
https://bnetcmsus-a.akamaihd.net/cms/page_media/WSFQZ1R6LCJ31512777247534.png,iddqd,San Francisco Shock,Common,OWL 2021
https://images.blz-contentstack.com/v3/assets/blt321317473c90505c/blt28412ebc49060602/5eb6fd2ff46f7e0ebd24f7b3/Titans_Tsuna.png,Tsuna,Paris Eternal,Common,OWL 2021
https://images.blz-contentstack.com/v3/assets/blt321317473c90505c/blta248d0381bdaaae1/5f15f5f169a03212218fec31/Spark_Guxue.png,Guxue,Hangzhou Spark,Rare,OWL 2021
https://images.blz-contentstack.com/v3/assets/blt321317473c90505c/bltaca01c407b3855cc/5f766bb361a67a1420846673/Shock_Ta1yo.png,ta1yo,San Francisco Shock,Common,OWL 2021
